modelId,model,promptTokens,depthTokens,pp,replayTokens,sourceId
ciru44,Ciru v4.4.1,512,0,331.54394576148263,0,s001
ciru44,Ciru v4.4.1,512,32000,520.871483100162,4,s001
ciru44,Ciru v4.4.1,512,64000,473.75955037257665,4,s001
ciru44,Ciru v4.4.1,512,120000,367.2159365978734,4,s001
ciru44,Ciru v4.4.1,512,192000,324.0131048112782,4,s001
ciru44,Ciru v4.4.1,512,256000,288.9041616870197,4,s001
ciru44,Ciru v4.4.1,2048,0,840.3130330171629,0,s001
ciru44,Ciru v4.4.1,2048,32000,749.444412119775,4,s001
ciru44,Ciru v4.4.1,2048,64000,716.5158298218927,4,s001
ciru44,Ciru v4.4.1,2048,120000,603.382595829707,4,s001
ciru44,Ciru v4.4.1,2048,192000,509.5339829062296,4,s001
ciru44,Ciru v4.4.1,2048,256000,453.77600127624504,4,s001
ciru44,Ciru v4.4.1,4096,0,863.95894845059,0,s001
ciru44,Ciru v4.4.1,4096,32000,808.2911411014665,4,s001
ciru44,Ciru v4.4.1,4096,64000,745.2686087439877,4,s001
ciru44,Ciru v4.4.1,4096,120000,627.4055204027037,4,s001
ciru44,Ciru v4.4.1,4096,192000,536.9674422848489,4,s001
ciru44,Ciru v4.4.1,4096,256000,487.37541793096517,4,s001
ciru5,Ciru v5.0,512,0,394.60136014156325,0,s001
ciru5,Ciru v5.0,512,32000,596.9724634791602,4,s001
ciru5,Ciru v5.0,512,64000,573.6231923026938,4,s001
ciru5,Ciru v5.0,512,120000,533.1550596102761,4,s001
ciru5,Ciru v5.0,512,192000,478.94467534192626,4,s001
ciru5,Ciru v5.0,512,256000,422.4628096582259,4,s001
ciru5,Ciru v5.0,2048,0,918.6822651259598,0,s001
ciru5,Ciru v5.0,2048,32000,938.9017050601667,4,s001
ciru5,Ciru v5.0,2048,64000,881.6717322610918,4,s001
ciru5,Ciru v5.0,2048,120000,746.4644991981338,4,s001
ciru5,Ciru v5.0,2048,192000,645.7436883126384,4,s001
ciru5,Ciru v5.0,2048,256000,571.4379784711858,4,s001
ciru5,Ciru v5.0,4096,0,1064.3807427122013,0,s001
ciru5,Ciru v5.0,4096,32000,1023.5268747021689,4,s001
ciru5,Ciru v5.0,4096,64000,954.9390468654522,4,s001
ciru5,Ciru v5.0,4096,120000,838.5495304143102,4,s001
ciru5,Ciru v5.0,4096,192000,720.088970367706,4,s001
ciru5,Ciru v5.0,4096,256000,606.8674099903474,4,s001
orca,Ciru-Orca,512,0,387.9851898778302,0,orca-v5-remaining-ab0d60fb
orca,Ciru-Orca,512,32000,595.8400588392058,4,orca-v5-remaining-ab0d60fb
orca,Ciru-Orca,512,64000,584.7599229304695,4,orca-v5-remaining-ab0d60fb
orca,Ciru-Orca,512,120000,564.862050096203,4,orca-v5-remaining-ab0d60fb
orca,Ciru-Orca,512,192000,526.8937043405956,4,orca-v5-remaining-ab0d60fb
orca,Ciru-Orca,512,256000,469.52188549718426,4,orca-v5-remaining-ab0d60fb
orca,Ciru-Orca,2048,0,992.5337039826385,0,orca-v5-remaining-ab0d60fb
orca,Ciru-Orca,2048,32000,866.9627095971248,4,orca-v5-remaining-ab0d60fb
orca,Ciru-Orca,2048,64000,899.715148778092,4,orca-v5-remaining-ab0d60fb
orca,Ciru-Orca,2048,120000,802.6128811529408,4,orca-v5-remaining-ab0d60fb
orca,Ciru-Orca,2048,192000,696.6540874341699,4,orca-v5-remaining-ab0d60fb
orca,Ciru-Orca,2048,256000,631.9517001290441,4,orca-v5-remaining-ab0d60fb
orca,Ciru-Orca,4096,0,1053.2833846603264,0,orca-v5-remaining-ab0d60fb
orca,Ciru-Orca,4096,32000,1044.4335592617874,4,orca-v5-remaining-ab0d60fb
orca,Ciru-Orca,4096,64000,992.5979239290981,4,orca-v5-remaining-ab0d60fb
orca,Ciru-Orca,4096,120000,913.5907327640044,4,orca-v5-remaining-ab0d60fb
orca,Ciru-Orca,4096,192000,795.3106186976827,4,orca-v5-remaining-ab0d60fb
orca,Ciru-Orca,4096,256000,726.5427015007471,4,orca-v5-remaining-ab0d60fb
halobox,HaloBox HIP,512,0,292.66273934610456,0,s001
halobox,HaloBox HIP,2048,0,1046.3334646359215,0,s001
halobox,HaloBox HIP,4096,0,1088.748412463405,0,s001
halobox,HaloBox HIP,512,32000,403.6552878448513,0,s001
halobox,HaloBox HIP,2048,32000,803.6758753219314,0,s001
halobox,HaloBox HIP,4096,32000,993.1329319097781,0,s001
halobox,HaloBox HIP,512,64000,394.5627404848344,0,s001
halobox,HaloBox HIP,2048,64000,836.4919618350542,0,s001
halobox,HaloBox HIP,4096,64000,958.4445493263158,0,s001
halobox,HaloBox HIP,512,120000,330.9509604364933,0,s001
halobox,HaloBox HIP,2048,120000,752.7394312333203,0,s001
halobox,HaloBox HIP,4096,120000,821.1773951675635,0,s001
halobox,HaloBox HIP,512,192000,240.40098132431828,0,s001
halobox,HaloBox HIP,2048,192000,439.8750136387028,0,s001
halobox,HaloBox HIP,4096,192000,558.0179246910126,0,s001
halobox,HaloBox HIP,512,256000,310.16223544584915,0,s001
halobox,HaloBox HIP,2048,256000,579.0574595776612,0,s001
halobox,HaloBox HIP,4096,256000,618.8494657739682,0,s001
gufo,Gufo,512,0,973.0135638280839,0,s001
gufo,Gufo,2048,0,1488.659008245861,0,s001
gufo,Gufo,4096,0,1455.5928657798734,0,s001
gufo,Gufo,512,32000,816.4442993179267,0,s001
gufo,Gufo,2048,32000,1277.1881975430304,0,s001
gufo,Gufo,4096,32000,1297.0861420259632,0,s001
gufo,Gufo,512,64000,784.4720367059491,0,s001
gufo,Gufo,2048,64000,1227.872972850145,0,s001
gufo,Gufo,4096,64000,1239.9041005375852,0,s001
gufo,Gufo,512,120000,733.0541745633387,0,s001
gufo,Gufo,2048,120000,1160.2746241544023,0,s001
gufo,Gufo,4096,120000,1179.8890072246445,0,s001
gufo,Gufo,512,192000,384.2564422785887,0,s001
gufo,Gufo,2048,192000,873.7043263469682,0,s001
gufo,Gufo,4096,192000,1119.279211470244,0,s001
gufo,Gufo,512,256000,532.5724326749339,0,s001
gufo,Gufo,2048,256000,1046.1243072246095,0,s001
gufo,Gufo,4096,256000,1061.6991744684715,0,s001
agention,AgentionAI AP-Q5_K_XL,512,0,518.8025388899247,0,s001
agention,AgentionAI AP-Q5_K_XL,2048,0,706.0569203231314,0,s001
agention,AgentionAI AP-Q5_K_XL,4096,0,795.9215240031743,0,s001
agention,AgentionAI AP-Q5_K_XL,512,32000,464.82576296791245,0,s001
agention,AgentionAI AP-Q5_K_XL,2048,32000,633.1344483259653,0,s001
agention,AgentionAI AP-Q5_K_XL,4096,32000,744.4032542925861,0,s001
agention,AgentionAI AP-Q5_K_XL,512,64000,457.25594633672796,0,s001
agention,AgentionAI AP-Q5_K_XL,2048,64000,596.9072161943726,0,s001
agention,AgentionAI AP-Q5_K_XL,4096,64000,702.6493104052824,0,s001
agention,AgentionAI AP-Q5_K_XL,512,120000,249.54696503125675,0,s001
agention,AgentionAI AP-Q5_K_XL,2048,120000,370.9374157217694,0,s001
agention,AgentionAI AP-Q5_K_XL,4096,120000,418.7350826904669,0,s001
agention,AgentionAI AP-Q5_K_XL,512,192000,366.54004807974536,0,s001
agention,AgentionAI AP-Q5_K_XL,2048,192000,449.3901744612529,0,s001
agention,AgentionAI AP-Q5_K_XL,4096,192000,516.3651574037573,0,s001
agention,AgentionAI AP-Q5_K_XL,512,256000,340.50250721572695,0,s001
agention,AgentionAI AP-Q5_K_XL,2048,256000,438.97431764464557,0,s001
agention,AgentionAI AP-Q5_K_XL,4096,256000,471.3905307125432,0,s001
halogen,Halogen,512,0,908.9295224569502,0,s001
halogen,Halogen,2048,0,1335.4199269692228,0,s001
halogen,Halogen,4096,0,1435.329572134422,0,s001
halogen,Halogen,512,32000,884.7416623466389,0,s001
halogen,Halogen,2048,32000,1256.0564244096902,0,s001
halogen,Halogen,4096,32000,1357.0552960275652,0,s001
halogen,Halogen,512,64000,847.1211118464594,0,s001
halogen,Halogen,2048,64000,1196.5412479551298,0,s001
halogen,Halogen,4096,64000,1297.5575759495678,0,s001
halogen,Halogen,512,120000,778.233774129807,0,s001
halogen,Halogen,2048,120000,1145.157682845001,0,s001
halogen,Halogen,4096,120000,1212.5159113110922,0,s001
halogen,Halogen,512,192000,684.0347361389446,0,s001
halogen,Halogen,2048,192000,1045.8050349793189,0,s001
halogen,Halogen,4096,192000,1144.8696089666546,0,s001
halogen,Halogen,512,256000,687.9871002418704,0,s001
halogen,Halogen,2048,256000,1025.7951414976208,0,s001
halogen,Halogen,4096,256000,1122.4377945851145,0,s001
carlos,Carlos HC-Q8,512,0,480.10472284267007,0,s037
carlos,Carlos HC-Q8,2048,0,537.3889404936211,0,s037
carlos,Carlos HC-Q8,4096,0,533.7916435022466,0,s037
carlos,Carlos HC-Q8,512,32000,441.8687943109393,0,s037
carlos,Carlos HC-Q8,2048,32000,466.1565348181148,0,s037
carlos,Carlos HC-Q8,4096,32000,469.4709763552135,0,s037
carlos,Carlos HC-Q8,512,64000,393.18771564848714,0,s037
carlos,Carlos HC-Q8,2048,64000,420.9455777796642,0,s037
carlos,Carlos HC-Q8,4096,64000,426.86649354395695,0,s037
carlos,Carlos HC-Q8,512,120000,332.1929340227202,0,s037
carlos,Carlos HC-Q8,2048,120000,358.1525971397108,0,s037
carlos,Carlos HC-Q8,4096,120000,363.4302885961236,0,s037
carlos,Carlos HC-Q8,512,192000,282.0035470758656,0,s037
carlos,Carlos HC-Q8,2048,192000,304.57739069084784,0,s037
carlos,Carlos HC-Q8,4096,192000,309.77940922888524,0,s037
carlos,Carlos HC-Q8,512,256000,249.12332431720992,0,s037
carlos,Carlos HC-Q8,2048,256000,271.81688885396795,0,s037
carlos,Carlos HC-Q8,4096,256000,277.5300529949599,0,s037
