modelId,model,inputTokens,tps,cachedTokens,sourceId
ciru44,Ciru v4.4.1,32000,958.4650374118856,0,s001
ciru44,Ciru v4.4.1,64000,942.5130372379537,0,s001
ciru44,Ciru v4.4.1,120000,881.3891874655969,0,s001
ciru44,Ciru v4.4.1,192000,791.5566760186889,0,s001
ciru44,Ciru v4.4.1,256000,752.8690715424216,0,s001
ciru5,Ciru v5.0,32000,1306.7177789325897,0,s001
ciru5,Ciru v5.0,64000,1259.6406548312798,0,s001
ciru5,Ciru v5.0,120000,1197.5692577504662,0,s001
ciru5,Ciru v5.0,192000,1077.7201234932547,0,s001
ciru5,Ciru v5.0,256000,970.7119704010202,0,s001
orca,Ciru-Orca,32000,1321.062152134921,0,orca-v5-remaining-ab0d60fb
orca,Ciru-Orca,64000,1272.9792394390608,0,orca-v5-remaining-ab0d60fb
orca,Ciru-Orca,120000,1190.426199661675,0,orca-v5-remaining-ab0d60fb
orca,Ciru-Orca,192000,1079.7449271319797,0,orca-v5-remaining-ab0d60fb
orca,Ciru-Orca,256000,974.7116915136795,0,orca-v5-remaining-ab0d60fb
halobox,HaloBox HIP,32000,1123.180780579755,0,s001
halobox,HaloBox HIP,64000,1105.2851836106654,0,s001
halobox,HaloBox HIP,120000,1043.5133501402172,0,s001
halobox,HaloBox HIP,192000,674.9932877718255,0,s001
halobox,HaloBox HIP,256000,802.8201944465006,0,s001
gufo,Gufo,32000,1369.0622647108867,0,s001
gufo,Gufo,64000,1322.6244258983943,0,s001
gufo,Gufo,120000,1277.3447484279154,0,s001
gufo,Gufo,192000,1034.985924890846,0,s001
gufo,Gufo,256000,1057.5250272883904,0,s001
agention,AgentionAI AP-Q5_K_XL,32000,876.0489077299023,0,s001
agention,AgentionAI AP-Q5_K_XL,64000,850.6376173565907,0,s001
agention,AgentionAI AP-Q5_K_XL,120000,703.9162816410809,0,s001
agention,AgentionAI AP-Q5_K_XL,192000,682.6253572139385,0,s001
agention,AgentionAI AP-Q5_K_XL,256000,614.6869678403101,0,s001
halogen,Halogen,32000,1503.9360827164846,0,s001
halogen,Halogen,64000,1424.780494755027,0,s001
halogen,Halogen,120000,1377.873871722239,0,s001
halogen,Halogen,192000,1297.322717810011,0,s001
halogen,Halogen,256000,1276.7169224339611,0,s001
carlos,Carlos HC-Q8,32000,499.5620480026986,0,s038
carlos,Carlos HC-Q8,64000,476.94172328076706,0,s039
carlos,Carlos HC-Q8,120000,436.70770804462256,0,s040
carlos,Carlos HC-Q8,192000,392.04100966217123,0,s041
carlos,Carlos HC-Q8,256000,365.1850282697433,0,s042
