modelId,model,taskId,nativeTps,wallSeconds,outputTokens,timing,status,correctnessScored,sourceId
ciru44,Ciru v4.4.1,HumanEval/0,56.309458450330965,3.9515278209000826,173,(n−1)/time,complete,False,s005
ciru44,Ciru v4.4.1,HumanEval/1,57.56400238578516,5.2581047848798335,250,(n−1)/time,complete,False,s005
ciru44,Ciru v4.4.1,HumanEval/2,58.335576619830086,2.374988575000316,97,(n−1)/time,complete,False,s005
ciru44,Ciru v4.4.1,HumanEval/3,55.51461155251949,3.832760476972908,157,(n−1)/time,complete,False,s005
ciru44,Ciru v4.4.1,HumanEval/4,55.852856791968684,4.051129390951246,172,(n−1)/time,complete,False,s005
ciru44,Ciru v4.4.1,HumanEval/5,54.84144338232379,3.546655640937388,149,(n−1)/time,complete,False,s005
ciru44,Ciru v4.4.1,HumanEval/6,54.599968605018056,4.790414365008473,209,(n−1)/time,complete,False,s005
ciru44,Ciru v4.4.1,HumanEval/7,56.81579704373588,2.797906681895256,112,(n−1)/time,complete,False,s005
ciru44,Ciru v4.4.1,HumanEval/8,55.96622403832235,3.8910021758638322,163,(n−1)/time,complete,False,s005
ciru44,Ciru v4.4.1,HumanEval/9,55.23477049778065,3.7116316757164896,159,(n−1)/time,complete,False,s005
ciru5,Ciru v5.0,HumanEval/0,52.498116782671225,4.312514252029359,173,(n−1)/time,complete,False,s006
ciru5,Ciru v5.0,HumanEval/1,55.493514134148946,4.884106589946896,227,(n−1)/time,complete,False,s006
ciru5,Ciru v5.0,HumanEval/2,55.744952904224945,2.452110209967941,97,(n−1)/time,complete,False,s006
ciru5,Ciru v5.0,HumanEval/3,54.03791383169684,3.820196753833443,157,(n−1)/time,complete,False,s006
ciru5,Ciru v5.0,HumanEval/4,55.5799507841161,3.902179771102965,172,(n−1)/time,complete,False,s006
ciru5,Ciru v5.0,HumanEval/5,54.668404727930486,3.4752776911482215,149,(n−1)/time,complete,False,s006
ciru5,Ciru v5.0,HumanEval/6,55.35498245406734,4.581993215251714,209,(n−1)/time,complete,False,s006
ciru5,Ciru v5.0,HumanEval/7,56.61223222031644,2.7640164722688496,112,(n−1)/time,complete,False,s006
ciru5,Ciru v5.0,HumanEval/8,57.14064004571251,3.668697056826204,163,(n−1)/time,complete,False,s006
ciru5,Ciru v5.0,HumanEval/9,56.37308344811815,3.614510086365044,160,(n−1)/time,complete,False,s006
halobox,HaloBox HIP,HumanEval/0,38.886880715377195,5.871343299746513,177,(n−1)/time,complete,False,s007
halobox,HaloBox HIP,HumanEval/1,47.394658191161334,5.611709824297577,232,(n−1)/time,complete,False,s007
halobox,HaloBox HIP,HumanEval/2,44.6576848897932,2.728812453802675,97,(n−1)/time,complete,False,s007
halobox,HaloBox HIP,HumanEval/3,44.038798181197635,4.3283324763178825,157,(n−1)/time,complete,False,s007
halobox,HaloBox HIP,HumanEval/4,46.30700274892702,4.3638106398284435,169,(n−1)/time,complete,False,s007
halobox,HaloBox HIP,HumanEval/5,44.03304620613654,4.008604345843196,149,(n−1)/time,complete,False,s007
halobox,HaloBox HIP,HumanEval/6,49.20043381536355,4.997498833108693,209,(n−1)/time,complete,False,s007
halobox,HaloBox HIP,HumanEval/7,50.04497284722081,2.8713932540267706,112,(n−1)/time,complete,False,s007
halobox,HaloBox HIP,HumanEval/8,47.429427500460385,4.169163042679429,163,(n−1)/time,complete,False,s007
halobox,HaloBox HIP,HumanEval/9,47.205452081270565,4.064500688109547,160,(n−1)/time,complete,False,s007
gufo,Gufo,HumanEval/0,60.67680661970019,3.598744137212634,172,n/time,complete,False,s008
gufo,Gufo,HumanEval/1,50.46539757640277,5.218256034888327,243,n/time,complete,False,s008
gufo,Gufo,HumanEval/2,53.603365288957214,2.1720597688108683,96,n/time,complete,False,s008
gufo,Gufo,HumanEval/3,60.56807581028366,3.010924985166639,156,n/time,complete,False,s008
gufo,Gufo,HumanEval/4,57.10654299198162,3.4249418089166284,171,n/time,complete,False,s008
gufo,Gufo,HumanEval/5,59.28691780765474,2.9848693050444126,153,n/time,complete,False,s008
gufo,Gufo,HumanEval/6,58.70405187558824,4.275310912169516,226,n/time,complete,False,s008
gufo,Gufo,HumanEval/7,57.650638326305355,2.317167005967349,111,n/time,complete,False,s008
gufo,Gufo,HumanEval/8,60.823814366962054,3.0846344539895654,162,n/time,complete,False,s008
gufo,Gufo,HumanEval/9,61.400699858224655,3.0094157098792493,160,n/time,complete,False,s008
agention,AgentionAI AP-Q5_K_XL,HumanEval/0,42.30897803893459,4.797309693880379,173,(n−1)/time,complete,False,s009
agention,AgentionAI AP-Q5_K_XL,HumanEval/1,40.46381979764175,6.658926873002201,249,(n−1)/time,complete,False,s009
agention,AgentionAI AP-Q5_K_XL,HumanEval/2,44.13210762533864,2.6545280050486326,97,(n−1)/time,complete,False,s009
agention,AgentionAI AP-Q5_K_XL,HumanEval/3,44.615512151538454,4.025573122315109,156,(n−1)/time,complete,False,s009
agention,AgentionAI AP-Q5_K_XL,HumanEval/4,46.068126532690684,4.182291515637189,169,(n−1)/time,complete,False,s009
agention,AgentionAI AP-Q5_K_XL,HumanEval/5,46.38213299606752,3.7952432157471776,154,(n−1)/time,complete,False,s009
agention,AgentionAI AP-Q5_K_XL,HumanEval/6,41.99209768179466,5.910419246181846,227,(n−1)/time,complete,False,s009
agention,AgentionAI AP-Q5_K_XL,HumanEval/7,49.337609259469154,2.7471398767083883,112,(n−1)/time,complete,False,s009
agention,AgentionAI AP-Q5_K_XL,HumanEval/8,47.300927331760526,3.9668861790560186,163,(n−1)/time,complete,False,s009
agention,AgentionAI AP-Q5_K_XL,HumanEval/9,46.955746718930286,3.892224478069693,160,(n−1)/time,complete,False,s009
halogen,Halogen,HumanEval/0,53.77012494560825,3.7681161840446293,173,n/time,complete,False,s010
halogen,Halogen,HumanEval/1,52.406441065149714,4.950317763257772,234,n/time,complete,False,s010
halogen,Halogen,HumanEval/2,55.882014056919004,2.149039247073233,97,n/time,complete,False,s010
halogen,Halogen,HumanEval/3,55.00317325999577,3.3045120341703296,156,n/time,complete,False,s010
halogen,Halogen,HumanEval/4,53.78193302273225,3.623525158967823,172,n/time,complete,False,s010
halogen,Halogen,HumanEval/5,55.1417931824692,3.1925916988402605,154,n/time,complete,False,s010
halogen,Halogen,HumanEval/6,54.57715339717513,4.391013792250305,216,n/time,complete,False,s010
halogen,Halogen,HumanEval/7,55.28134254689042,2.408465236891061,112,n/time,complete,False,s010
halogen,Halogen,HumanEval/8,54.70900181244546,3.3954675598070025,163,n/time,complete,False,s010
halogen,Halogen,HumanEval/9,54.17082087072117,3.37136784568429,163,n/time,complete,False,s010
carlos,Carlos HC-Q8,HumanEval/0,57.641814420213414,3.6423393967561424,177,(n−1)/time,complete,False,s011
carlos,Carlos HC-Q8,HumanEval/1,43.74881695181251,6.2952242703177035,252,(n−1)/time,complete,False,s011
carlos,Carlos HC-Q8,HumanEval/2,57.02453124053304,2.1901173712685704,97,(n−1)/time,complete,False,s011
carlos,Carlos HC-Q8,HumanEval/3,44.49491667106832,4.055367592256516,156,(n−1)/time,complete,False,s011
carlos,Carlos HC-Q8,HumanEval/4,48.68640658445213,4.070510949008167,172,(n−1)/time,complete,False,s011
carlos,Carlos HC-Q8,HumanEval/5,36.973309546332466,4.503556985873729,148,(n−1)/time,complete,False,s011
carlos,Carlos HC-Q8,HumanEval/6,47.261285445414536,5.1079041683115065,216,(n−1)/time,complete,False,s011
carlos,Carlos HC-Q8,HumanEval/7,51.354913809336324,2.685414900071919,112,(n−1)/time,complete,False,s011
carlos,Carlos HC-Q8,HumanEval/8,50.426461565853685,3.7769391923211515,163,(n−1)/time,complete,False,s011
carlos,Carlos HC-Q8,HumanEval/9,38.8391159240131,4.623248400632292,160,(n−1)/time,complete,False,s011
orca,Ciru-Orca,HumanEval/0,51.10721402096703,4.657467287965119,173,(n−1)/time,complete,False,orca-v5-remaining-e01125cf
orca,Ciru-Orca,HumanEval/1,57.5448392772639,5.248879873659462,256,(n−1)/time,complete,False,orca-v5-remaining-e01125cf
orca,Ciru-Orca,HumanEval/2,60.54142957234417,2.318371184170246,97,(n−1)/time,complete,False,orca-v5-remaining-e01125cf
orca,Ciru-Orca,HumanEval/3,59.81748764251229,3.4594887788407505,157,(n−1)/time,complete,False,orca-v5-remaining-e01125cf
orca,Ciru-Orca,HumanEval/4,56.793479975648545,3.8320774203166366,172,(n−1)/time,complete,False,orca-v5-remaining-e01125cf
orca,Ciru-Orca,HumanEval/5,56.773609478123944,3.3944633919745684,149,(n−1)/time,complete,False,orca-v5-remaining-e01125cf
orca,Ciru-Orca,HumanEval/6,58.699064910245035,4.506207299884409,216,(n−1)/time,complete,False,orca-v5-remaining-e01125cf
orca,Ciru-Orca,HumanEval/7,60.41266750228452,2.6239876030012965,112,(n−1)/time,complete,False,orca-v5-remaining-e01125cf
orca,Ciru-Orca,HumanEval/8,60.7215974727821,3.524312456138432,163,(n−1)/time,complete,False,orca-v5-remaining-e01125cf
orca,Ciru-Orca,HumanEval/9,58.266879163654075,3.5278076608665287,160,(n−1)/time,complete,False,orca-v5-remaining-e01125cf
